Title,Description,Rating,Rating Count,Genre,Duration
The Shawshank Redemption,"A banker convicted of uxoricide forms a friendship over a quarter century with a hardened convict, while maintaining his innocence and trying to remain hopeful through simple compassion.",9.3,2974150,Drama,PT2H22M
The Godfather,The aging patriarch of an organized crime dynasty transfers control of his clandestine empire to his reluctant son.,9.2,2074617,"Crime, Drama",PT2H55M
The Dark Knight,"When a menace known as the Joker wreaks havoc and chaos on the people of Gotham, Batman, James Gordon and Harvey Dent must work together to put an end to the madness.",9.0,2955072,"Action, Crime, Drama",PT2H32M
The Godfather Part II,"The early life and career of Vito Corleone in 1920s New York City is portrayed, while his son, Michael, expands and tightens his grip on the family crime syndicate.",9.0,1400134,"Crime, Drama",PT3H22M
12 Angry Men,The jury in a New York City murder trial is frustrated by a single member whose skeptical caution forces them to more carefully consider the evidence before jumping to a hasty verdict.,9.0,897745,"Crime, Drama",PT1H36M
The Lord of the Rings: The Return of the King,Gandalf and Aragorn lead the World of Men against Sauron&apos;s army to draw his gaze from Frodo and Sam as they approach Mount Doom with the One Ring.,9.0,2035390,"Adventure, Drama, Fantasy",PT3H21M
Schindler&apos;s List,"In German-occupied Poland during World War II, industrialist Oskar Schindler gradually becomes concerned for his Jewish workforce after witnessing their persecution by the Nazis.",9.0,1490895,"Biography, Drama, History",PT3H15M
Pulp Fiction,"The lives of two mob hitmen, a boxer, a gangster and his wife, and a pair of diner bandits intertwine in four tales of violence and redemption.",8.9,2282897,"Crime, Drama",PT2H34M
The Lord of the Rings: The Fellowship of the Ring,A meek Hobbit from the Shire and eight companions set out on a journey to destroy the powerful One Ring and save Middle-earth from the Dark Lord Sauron.,8.9,2065041,"Adventure, Drama, Fantasy",PT2H58M
"Il buono, il brutto, il cattivo",A bounty hunting scam joins two men in an uneasy alliance against a third in a race to find a fortune in gold buried in a remote cemetery.,8.8,833779,"Adventure, Drama, Western",PT2H41M
Forrest Gump,"The history of the United States from the 1950s to the &apos;70s unfolds from the perspective of an Alabama man with an IQ of 75, who yearns to be reunited with his childhood sweetheart.",8.8,2327026,"Drama, Romance",PT2H22M
The Lord of the Rings: The Two Towers,"While Frodo and Sam edge closer to Mordor with the help of the shifty Gollum, the divided fellowship makes a stand against Sauron&apos;s new ally, Saruman, and his hordes of Isengard.",8.8,1835348,"Adventure, Drama, Fantasy",PT2H59M
Fight Club,An insomniac office worker and a devil-may-care soap maker form an underground fight club that evolves into much more.,8.8,2403842,Drama,PT2H19M
Inception,"A thief who steals corporate secrets through the use of dream-sharing technology is given the inverse task of planting an idea into the mind of a C.E.O., but his tragic past may doom the project and his team to disaster.",8.8,2622450,"Action, Adventure, Sci-Fi",PT2H28M
Star Wars: Episode V - The Empire Strikes Back,"After the Empire overpowers the Rebel Alliance, Luke Skywalker begins his Jedi training with Yoda. At the same time, Darth Vader and bounty hunter Boba Fett pursue his friends across the galaxy.",8.7,1414031,"Action, Adventure, Fantasy",PT2H4M
The Matrix,"When a beautiful stranger leads computer hacker Neo to a forbidding underworld, he discovers the shocking truth--the life he knows is the elaborate deception of an evil cyber-intelligence.",8.7,2110495,"Action, Sci-Fi",PT2H16M
Goodfellas,"The story of Henry Hill and his life in the mafia, covering his relationship with his wife Karen and his mob partners Jimmy Conway and Tommy DeVito.",8.7,1295200,"Biography, Crime, Drama",PT2H25M
One Flew Over the Cuckoo&apos;s Nest,"In the Fall of 1963, a Korean War veteran and criminal pleads insanity and is admitted to a mental institution, where he rallies up the scared patients against the tyrannical nurse.",8.7,1097203,Drama,PT2H13M
Interstellar,"When Earth becomes uninhabitable in the future, a farmer and ex-NASA pilot, Joseph Cooper, is tasked to pilot a spacecraft, along with a team of researchers, to find a new planet for humans.",8.7,2218406,"Adventure, Drama, Sci-Fi",PT2H49M
Se7en,"Two detectives, a rookie and a veteran, hunt a serial killer who uses the seven deadly sins as his motives.",8.6,1859223,"Crime, Drama, Mystery",PT2H7M
It&apos;s a Wonderful Life,An angel is sent from Heaven to help a desperately frustrated businessman by showing him what life would have been like if he had never existed.,8.6,512157,"Drama, Family, Fantasy",PT2H10M
Shichinin no samurai,"Farmers from a village exploited by bandits hire a veteran samurai for protection, and he gathers six other samurai to join him.",8.6,376602,Drama,PT3H27M
The Silence of the Lambs,"A young F.B.I. cadet must receive the help of an incarcerated and manipulative cannibal killer to help catch another serial killer, a madman who skins his victims.",8.6,1597528,"Crime, Drama, Thriller",PT1H58M
Saving Private Ryan,"Following the Normandy Landings, a group of U.S. soldiers go behind enemy lines to retrieve a paratrooper whose brothers have been killed in action.",8.6,1537778,"Drama, War",PT2H49M
Cidade de Deus,"In the slums of Rio, two kids&apos; paths diverge as one struggles to become a photographer and the other a kingpin.",8.6,821504,"Crime, Drama",PT2H10M
The Green Mile,"Paul Edgecomb, the head guard of a prison, meets an inmate, John Coffey, a black man who is accused of murdering two girls. His life changes drastically when he discovers that John has a special gift.",8.6,1450728,"Crime, Drama, Fantasy",PT3H9M
La vita è bella,"When an open-minded Jewish waiter and his son become victims of the Holocaust, he uses a perfect mixture of will, humor and imagination to protect his son from the dangers around their camp.",8.6,762073,"Comedy, Drama, Romance",PT1H56M
Terminator 2: Judgment Day,"A cyborg, identical to the one who failed to kill Sarah Connor, must now protect her ten year old son John from an even more advanced and powerful cyborg.",8.6,1207645,"Action, Adventure, Sci-Fi",PT2H17M
Star Wars,"Luke Skywalker joins forces with a Jedi Knight, a cocky pilot, a Wookiee and two droids to save the galaxy from the Empire&apos;s world-destroying battle station, while also attempting to rescue Princess Leia from the mysterious Darth ...",8.6,1482993,"Action, Adventure, Fantasy",PT2H1M
Back to the Future,"Marty McFly, a 17-year-old high school student, is accidentally sent 30 years into the past in a time-traveling DeLorean invented by his close friend, the maverick scientist Doc Brown.",8.5,1347328,"Adventure, Comedy, Sci-Fi",PT1H56M
Sen to Chihiro no kamikakushi,"During her family&apos;s move to the suburbs, a sullen 10-year-old girl wanders into a world ruled by gods, witches and spirits, and where humans are changed into beasts.",8.6,883559,"Animation, Adventure, Family",PT2H4M
The Pianist,"During WWII, acclaimed Polish musician Wladyslaw faces various struggles as he loses contact with his family. As the situation worsens, he hides in the ruins of Warsaw in order to survive.",8.5,943474,"Biography, Drama, Music",PT2H30M
Gisaengchung,Greed and class discrimination threaten the newly formed symbiotic relationship between the wealthy Park family and the destitute Kim clan.,8.5,1013988,"Drama, Thriller",PT2H12M
Gladiator,A former Roman General sets out to exact vengeance against the corrupt emperor who murdered his family and sent him into slavery.,8.5,1698408,"Action, Adventure, Drama",PT2H35M
Psycho,A secretary on the run for embezzlement takes refuge at a secluded California motel owned by a repressed man and his overbearing mother.,8.5,738841,"Horror, Mystery, Thriller",PT1H49M
The Lion King,"Lion prince Simba and his father are targeted by his bitter uncle, who wants to ascend the throne himself.",8.5,1176574,"Animation, Adventure, Drama",PT1H28M
The Departed,An undercover cop and a mole in the police attempt to identify each other while infiltrating an Irish gang in South Boston.,8.5,1457949,"Crime, Drama, Thriller",PT2H31M
Hotaru no haka,A young boy and his little sister struggle to survive in Japan during World War II.,8.5,331582,"Animation, Drama, War",PT1H28M
Whiplash,A promising young drummer enrolls at a cut-throat music conservatory where his dreams of greatness are mentored by an instructor who will stop at nothing to realize a student&apos;s potential.,8.5,1035951,"Drama, Music",PT1H46M
Spider-Man: Across the Spider-Verse,"Miles Morales catapults across the multiverse, where he encounters a team of Spider-People charged with protecting its very existence. When the heroes clash on how to handle a new threat, Miles must redefine what it means to be a ...",8.6,421361,"Animation, Action, Adventure",PT2H20M
American History X,"Living a life marked by violence, neo-Nazi Derek finally goes to prison after killing two black youths. Upon his release, Derek vows to change; he hopes to prevent his brother, Danny, who idolizes Derek, from following in his foot...",8.5,1212367,"Crime, Drama",PT1H59M
The Prestige,Rival 19th-century magicians engage in a bitter battle for trade secrets.,8.5,1481701,"Drama, Mystery, Sci-Fi",PT2H10M
Léon,"12-year-old Mathilda is reluctantly taken in by Léon, a professional assassin, after her family is murdered. An unusual relationship forms as she becomes his protégée and learns the assassin&apos;s trade.",8.5,1278847,"Action, Crime, Drama",PT1H50M
Seppuku,"When a ronin requesting seppuku at a feudal lord&apos;s palace is told of the brutal suicide of another ronin who previously visited, he reveals how their pasts are intertwined - and in doing so challenges the clan&apos;s integrity.",8.6,74862,"Drama, Mystery",PT2H13M
Casablanca,A cynical expatriate American cafe owner struggles to decide whether or not to help his former lover and her fugitive husband escape the Nazis in French Morocco.,8.5,620422,"Drama, Romance, War",PT1H42M
The Usual Suspects,The sole survivor of a pier shoot-out tells the story of how a notorious criminal influenced the events that began with five criminals meeting in a seemingly random police lineup.,8.5,1169583,"Crime, Drama, Mystery",PT1H46M
Intouchables,"After he becomes a quadriplegic from a paragliding accident, an aristocrat hires a young man from the projects to be his caregiver.",8.5,956003,"Comedy, Drama",PT1H52M
Nuovo Cinema Paradiso,"Salvatore, a famous film director, returns to his hometown for the funeral of the local theater&apos;s film projectionist, Alfredo. He reminisces about his life as a young boy falling in love with cinema.",8.5,292770,"Drama, Romance",PT2H54M
Dune: Part Two,"Paul Atreides unites with the Fremen while on a warpath of revenge against the conspirators who destroyed his family. Facing a choice between the love of his life and the fate of the universe, he endeavors to prevent a terrible fu...",8.5,557509,"Action, Adventure, Drama",PT2H46M
Modern Times,The Tramp struggles to live in modern industrial society with the help of a young homeless woman.,8.5,267018,"Comedy, Drama, Romance",PT1H27M
Alien,"After investigating a mysterious transmission of unknown origin, the crew of a commercial spacecraft encounters a deadly lifeform.",8.5,994146,"Horror, Sci-Fi",PT1H57M
Rear Window,A bored photographer recovering from a broken leg passes the time by watching his neighbors and begins to suspect one of them of murder.,8.5,536317,"Drama, Mystery, Thriller",PT1H52M
C&apos;era una volta il West,A mysterious stranger with a harmonica joins forces with a notorious desperado to protect a beautiful widow from a ruthless assassin working for the railroad.,8.5,358916,"Drama, Western",PT2H46M
Django Unchained,"With the help of a German bounty-hunter, a freed slave sets out to rescue his wife from a brutal plantation owner in Mississippi.",8.5,1747539,"Comedy, Drama, Western",PT2H45M
City Lights,"With the aid of a wealthy erratic tippler, a dewy-eyed tramp who has fallen in love with a sightless flower girl accumulates money to be able to help her medically.",8.5,202234,"Comedy, Drama, Romance",PT1H27M
Apocalypse Now,A U.S. Army officer serving in Vietnam is tasked with assassinating a renegade Special Forces Colonel who sees himself as a god.,8.4,728126,"Drama, Mystery, War",PT2H27M
Memento,"Leonard Shelby, an insurance investigator, suffers from anterograde amnesia and uses notes and tattoos to hunt for the man he thinks killed his wife, which is the last thing he remembers.",8.4,1353694,"Mystery, Thriller",PT1H53M
WALL·E,"A robot who is responsible for cleaning a waste-covered Earth meets another robot and falls in love with her. Together, they set out on a journey that will alter the fate of mankind.",8.4,1234765,"Animation, Adventure, Family",PT1H38M
Raiders of the Lost Ark,"In 1936, archaeologists and adventurers of the U.S. government hired Indiana Jones to find the Ark of the Covenant before the Nazis could obtain its extraordinary powers.",8.4,1057375,"Action, Adventure",PT1H55M
Das Leben der Anderen,"In 1984 East Berlin, an agent of the secret police conducting surveillance on a writer and his lover finds himself becoming increasingly absorbed by their lives.",8.4,420127,"Drama, Mystery, Thriller",PT2H17M
12th Fail,The real-life story of IPS Officer Manoj Kumar Sharma and IRS Officer Shraddha Joshi.,8.8,136150,"Biography, Drama",PT2H27M
Avengers: Infinity War,The Avengers and their allies must be willing to sacrifice all in an attempt to defeat the powerful Thanos before his blitz of devastation and ruin puts an end to the universe.,8.4,1250429,"Action, Adventure, Sci-Fi",PT2H29M
Sunset Blvd.,A screenwriter develops a dangerous relationship with a faded film star determined to make a triumphant return.,8.4,243649,"Drama, Film-Noir",PT1H50M
Spider-Man: Into the Spider-Verse,Teen Miles Morales becomes the Spider-Man of his universe and must join with five spider-powered individuals from other dimensions to stop a threat for all realities.,8.4,704952,"Animation, Action, Adventure",PT1H57M
Paths of Glory,A colonel defends three of his soldiers in a court-martial after they abandon a suicidal attack.,8.4,220843,"Drama, War",PT1H28M
Witness for the Prosecution,A veteran British barrister must defend his client in a murder trial that has surprise after surprise.,8.4,144067,"Crime, Drama, Mystery",PT1H56M
The Shining,"A family heads to an isolated hotel for the winter, where a sinister presence influences the father into violence. At the same time, his psychic son sees horrifying forebodings from both the past and the future.",8.4,1142774,"Drama, Horror",PT2H26M
The Great Dictator,Dictator Adenoid Hynkel tries to expand his empire while a poor Jewish barber tries to avoid persecution from Hynkel&apos;s regime.,8.4,243933,"Comedy, Drama, War",PT2H5M
Aliens,"Decades after surviving the Nostromo incident, Ellen Ripley is sent out to re-establish contact with a terraforming colony but finds herself battling the Alien Queen and her offspring.",8.4,794117,"Action, Adventure, Sci-Fi",PT2H17M
Inglourious Basterds,"In Nazi-occupied France during World War II, a plan to assassinate Nazi leaders by a group of Jewish U.S. soldiers coincides with a theatre owner&apos;s vengeful plans for the same.",8.4,1636042,"Adventure, Drama, War",PT2H33M
The Dark Knight Rises,"Bane, an imposing terrorist, attacks Gotham City and disrupts its eight-year-long period of peace. This forces Bruce Wayne to come out of hiding and don the cape and cowl of Batman again.",8.4,1877123,"Action, Drama, Thriller",PT2H44M
Coco,"Aspiring musician Miguel, confronted with his family&apos;s ancestral ban on music, enters the Land of the Dead to find his great-great-grandfather, a legendary singer.",8.4,625479,"Animation, Adventure, Drama",PT1H45M
Amadeus,"The life, success and troubles of Wolfgang Amadeus Mozart, as told by Antonio Salieri, the contemporaneous composer who was deeply jealous of Mozart&apos;s talent and claimed to have murdered him.",8.4,439835,"Biography, Drama, Music",PT2H40M
Toy Story,A cowboy doll is profoundly threatened and jealous when a new spaceman action figure supplants him as top toy in a boy&apos;s bedroom.,8.3,1099425,"Animation, Adventure, Comedy",PT1H21M
Dr. Strangelove or: How I Learned to Stop Worrying and Love the Bomb,"An unhinged American general orders a bombing attack on the Soviet Union, triggering a path to nuclear holocaust that a war room full of politicians and generals frantically tries to stop.",8.3,530415,"Comedy, War",PT1H35M
Oldeuboi,"After being kidnapped and imprisoned for fifteen years, Oh Dae-Su is released, only to find that he must track down his captor in five days.",8.3,659161,"Action, Drama, Mystery",PT2H
Avengers: Endgame,"After the devastating events of Avengers: Infinity War (2018), the universe is in ruins. With the help of remaining allies, the Avengers assemble once more in order to reverse Thanos&apos; actions and restore balance to the universe.",8.4,1316612,"Action, Adventure, Drama",PT3H1M
American Beauty,A sexually frustrated suburban father has a mid-life crisis after becoming infatuated with his daughter&apos;s best friend.,8.3,1232338,Drama,PT2H2M
Good Will Hunting,"Will Hunting, a janitor at MIT, has a gift for mathematics, but needs help from a psychologist to find direction in his life.",8.3,1106944,"Drama, Romance",PT2H6M
Das Boot,A German U-boat stalks the frigid waters of the North Atlantic as its young crew experience the sheer terror and claustrophobic life of a submariner in World War II.,8.4,271585,"Drama, War",PT2H29M
Braveheart,Scottish warrior William Wallace leads his countrymen in a rebellion to free his homeland from the tyranny of King Edward I of England.,8.3,1112782,"Biography, Drama, War",PT2H58M
Mononoke-hime,"On a journey to find the cure for a Tatarigami&apos;s curse, Ashitaka finds himself in the middle of a war between the forest gods and Tatara, a mining colony. In this quest he also meets San, the Mononoke Hime.",8.3,448407,"Animation, Adventure, Fantasy",PT2H13M
Kimi no na wa.,"Two teenagers share a profound, magical connection upon discovering they are swapping bodies. Things manage to become even more complicated when the boy and girl decide to meet in person.",8.4,341003,"Animation, Drama, Fantasy",PT1H46M
Tengoku to jigoku,An executive of a Yokohama shoe company becomes a victim of extortion when his chauffeur&apos;s son is kidnapped by mistake and held for ransom.,8.4,56978,"Crime, Drama, Mystery",PT2H23M
Joker,"Arthur Fleck, a party clown and a failed stand-up comedian, leads an impoverished life with his ailing mother. However, when society shuns him and brands him as a freak, he decides to embrace the life of chaos in Gotham City.",8.4,1566305,"Crime, Drama, Thriller",PT2H2M
3 Idiots,"Two friends are searching for their long lost companion. They revisit their college days and recall the memories of their friend who inspired them to think differently, even as the rest of the world called them &quot;idiots&quot;.",8.4,448076,"Comedy, Drama",PT2H50M
Once Upon a Time in America,"A former Prohibition-era Jewish gangster returns to the Lower East Side of Manhattan 35 years later, where he must once again confront the ghosts and regrets of his old life.",8.3,387223,"Crime, Drama",PT3H49M
Singin&apos; in the Rain,A silent film star falls for a chorus girl just as he and his delusionally jealous screen partner are trying to make the difficult transition to talking pictures in 1920s Hollywood.,8.3,267576,"Comedy, Musical, Romance",PT1H43M
Capharnaüm,"While serving a five-year sentence for a violent crime, a 12-year-old boy sues his parents for neglect.",8.4,111630,Drama,PT2H6M
Idi i smotri,"After finding an old rifle, a young boy joins the Soviet resistance movement against ruthless German forces and experiences the horrors of World War II.",8.3,105704,"Drama, Thriller, War",PT2H22M
Requiem for a Dream,The drug-induced utopias of four Coney Island people are shattered when their addictions run deep.,8.3,921939,Drama,PT1H42M
Toy Story 3,"The toys are mistakenly delivered to a day-care center instead of the attic right before Andy leaves for college, and it&apos;s up to Woody to convince the other toys that they weren&apos;t abandoned and to return home.",8.3,914970,"Animation, Adventure, Comedy",PT1H43M
Star Wars: Episode VI - Return of the Jedi,"After rescuing Han Solo from Jabba the Hutt, the Rebel Alliance attempts to destroy the second Death Star while Luke struggles to help Darth Vader back from the dark side.",8.3,1146053,"Action, Adventure, Fantasy",PT2H11M
Jagten,"A teacher lives a lonely life, all the while struggling over his son&apos;s custody. His life slowly gets better as he finds love and receives good news from his son, but his new luck is about to be brutally shattered by an innocent li...",8.3,377262,Drama,PT1H55M
Eternal Sunshine of the Spotless Mind,"When their relationship turns sour, a couple undergoes a medical procedure to have each other erased from their memories forever.",8.3,1110584,"Drama, Romance, Sci-Fi",PT1H48M
Ikiru,A bureaucrat tries to find meaning in his life after he discovers he has terminal cancer.,8.3,92819,Drama,PT2H23M
2001: A Space Odyssey,"When a mysterious artifact is uncovered on the Moon, a spacecraft manned by two humans and one supercomputer is sent to Jupiter to find its origins.",8.3,739477,"Adventure, Sci-Fi",PT2H29M
Reservoir Dogs,"When a simple jewelry heist goes horribly wrong, the surviving criminals begin to suspect that one of them is a police informant.",8.3,1114160,"Crime, Thriller",PT1H39M
Lawrence of Arabia,"The story of T.E. Lawrence, the English officer who successfully united and led the diverse, often warring, Arab tribes during World War I in order to fight the Turks.",8.3,323081,"Adventure, Biography, Drama",PT3H47M
The Apartment,"A Manhattan insurance clerk tries to rise in his company by letting its executives use his apartment for trysts, but office politics and his own romantic hopes complicate matters.",8.3,202973,"Comedy, Drama, Romance",PT2H5M
Incendies,Twins journey to the Middle East to discover their family history and fulfill their mother&apos;s last wishes.,8.3,216069,"Drama, Mystery, War",PT2H11M
Scarface,"Miami in the 1980s: a determined criminal-minded Cuban immigrant becomes the biggest drug smuggler in Florida, and is eventually undone by his own drug addiction.",8.3,943350,"Crime, Drama",PT2H50M
North by Northwest,"A New York City advertising executive goes on the run after being mistaken for a government agent by a group of foreign spies, and falls for a woman whose loyalties he begins to doubt.",8.3,355003,"Action, Adventure, Mystery",PT2H16M
Double Indemnity,"An insurance representative is seduced by a dissatisfied housewife into a scheme of insurance fraud and murder that arouses the suspicion of his colleague, a claims investigator.",8.3,171719,"Crime, Drama, Film-Noir",PT1H47M
Citizen Kane,"Following the death of publishing tycoon Charles Foster Kane, reporters scramble to uncover the meaning of his final utterance: &apos;Rosebud.&apos;",8.3,474940,"Drama, Mystery",PT1H59M
M - Eine Stadt sucht einen Mörder,"When the police in a German city are unable to catch a child-murderer, other criminals join in the manhunt.",8.3,173750,"Crime, Mystery, Thriller",PT1H57M
Heat,A group of high-end professional thieves start to feel the heat from the LAPD when they unknowingly leave a verbal clue at their latest heist.,8.3,738854,"Action, Crime, Drama",PT2H50M
Vertigo,"A former San Francisco police detective juggles wrestling with his personal demons and becoming obsessed with the hauntingly beautiful woman he has been hired to trail, who may be deeply disturbed.",8.3,437848,"Mystery, Romance, Thriller",PT2H8M
Full Metal Jacket,A pragmatic U.S. Marine observes the dehumanizing effects the Vietnam War has on his fellow recruits from their brutal boot camp training to the bloody street fighting in Hue.,8.2,808718,"Drama, War",PT1H56M
Up,"78-year-old Carl Fredricksen travels to South America in his house equipped with balloons, inadvertently taking a young stowaway.",8.3,1157315,"Animation, Adventure, Comedy",PT1H36M
Oppenheimer,"A dramatization of the life story of J. Robert Oppenheimer, the physicist who had a large hand in the development of the atomic bombs that brought an end to World War II.",8.3,823528,"Biography, Drama, History",PT3H
Le fabuleux destin d&apos;Amélie Poulain,"Despite being caught in her imaginative world, young waitress Amelie decides to help people find happiness. Her quest to spread joy leads her on a journey during which she finds true love.",8.3,808296,"Comedy, Romance",PT2H2M
A Clockwork Orange,Alex DeLarge and his droogs barbarize a decaying near-future.,8.2,898826,"Crime, Sci-Fi",PT2H16M
To Kill a Mockingbird,A widowed lawyer in Depression-era Alabama defends a black man against a false rape charge while teaching his young children about the sad reality of prejudice.,8.3,339135,"Crime, Drama",PT2H9M
Jodaeiye Nader az Simin,A married couple are faced with a difficult decision - to improve the life of their child by moving to another country or to stay in Iran and look after a deteriorating parent who has Alzheimer&apos;s disease.,8.3,265007,Drama,PT2H3M
The Sting,Two grifters team up to pull off the ultimate con.,8.3,285644,"Comedy, Crime, Drama",PT2H9M
Die Hard,A New York City police officer tries to save his estranged wife and several others taken hostage by terrorists during a Christmas party at the Nakatomi Plaza in Los Angeles.,8.2,967118,"Action, Thriller",PT2H12M
Taare Zameen Par,A young boy is thought to be nothing but a lazy troublemaker until the new art teacher has the patience and compassion to discover the real problem behind his struggles in school.,8.3,212954,"Drama, Family",PT2H42M
Indiana Jones and the Last Crusade,"In 1938, after his father goes missing while pursuing the Holy Grail, Indiana Jones finds himself up against the Nazis again to stop them from obtaining its powers.",8.2,826295,"Action, Adventure",PT2H7M
Metropolis,"In a futuristic city sharply divided between the working class and the city planners, the son of the city&apos;s mastermind falls in love with a working-class prophet who predicts the coming of a savior to mediate their differences.",8.3,190824,"Drama, Sci-Fi",PT2H33M
Snatch,"Unscrupulous boxing promoters, violent bookmakers, a Russian gangster, incompetent amateur robbers and supposedly Jewish jewelers fight to track down a priceless stolen diamond.",8.2,930253,"Comedy, Crime",PT1H44M
1917,"April 6th, 1917. As an infantry battalion assembles to wage war deep in enemy territory, two soldiers are assigned to race against time and deliver a message that will stop 1,600 men from walking straight into a deadly trap.",8.2,706196,"Action, Drama, War",PT1H59M
L.A. Confidential,"As corruption grows in 1950s Los Angeles, three policemen - one strait-laced, one brutal, and one sleazy - investigate a series of murders with their own brand of justice.",8.2,632055,"Crime, Drama, Mystery",PT2H18M
Ladri di biciclette,"In post-war Italy, a working-class man&apos;s bicycle is stolen, endangering his efforts to find work. He and his son set out to find it.",8.3,180466,Drama,PT1H29M
Der Untergang,"Traudl Junge, the final secretary for Adolf Hitler, tells of the Nazi dictator&apos;s final days in his Berlin bunker at the end of WWII.",8.2,382604,"Biography, Drama, History",PT2H36M
Taxi Driver,"A mentally unstable veteran works as a nighttime taxi driver in New York City, where the perceived decadence and sleaze fuels his urge for violent action.",8.2,954301,"Crime, Drama",PT1H54M
Hamilton,"The real life of one of America&apos;s foremost founding fathers and first Secretary of the Treasury, Alexander Hamilton. Captured live on Broadway from the Richard Rodgers Theater with the original Broadway cast.",8.3,121855,"Biography, Drama, History",PT2H40M
Dangal,"Mahavir Singh Phogat, a former wrestler, decides to fulfill his dream of winning a gold medal for his country by training his daughters for the Commonwealth Games despite the existing social stigmas.",8.3,219097,"Action, Biography, Drama",PT2H41M
The Wolf of Wall Street,"Based on the true story of Jordan Belfort, from his rise to a wealthy stock-broker living the high life to his fall involving crime, corruption and the federal government.",8.2,1640211,"Biography, Comedy, Crime",PT3H
Batman Begins,"After witnessing his parents&apos; death, Bruce learns the art of fighting to confront injustice. When he returns to Gotham as Batman, he must stop a secret society that intends to destroy the city.",8.2,1617201,"Action, Drama",PT2H20M
Per qualche dollaro in più,Two bounty killers with similar intentions but different motivations team up to track down a psychotic Mexican outlaw before he and his gang can carry out an audacious bank robbery.,8.2,282400,"Drama, Western",PT2H12M
Green Book,A working-class Italian-American bouncer becomes the driver for an African-American classical pianist on a tour of venues through the 1960s American South.,8.2,608487,"Biography, Comedy, Drama",PT2H10M
Some Like It Hot,"After two male musicians witness a mob hit, they flee the state in an all-female band disguised as women, but further complications set in.",8.2,289445,"Comedy, Music, Romance",PT2H1M
The Truman Show,An insurance salesman discovers his whole life is actually a reality TV show.,8.2,1242867,"Comedy, Drama",PT1H43M
Judgment at Nuremberg,"Fictionalized depiction of the 1947 Judges&apos; Trial, the third of twelve trials of Nazi war criminals conducted by the American occupying forces in Nuremberg, Germany, in which former judges of Nazi Germany were tried for their acti...",8.3,88391,"Drama, War",PT2H59M
The Kid,"The Tramp cares for an abandoned child, but events put their relationship in jeopardy.",8.2,138516,"Comedy, Drama, Family",PT1H8M
The Father,"A man refuses all assistance from his daughter as he ages. As he tries to make sense of his changing circumstances, he begins to doubt his loved ones, his own mind and even the fabric of his reality.",8.2,204423,"Drama, Mystery",PT1H37M
Shutter Island,Two US marshals are sent to a mental institution on an inhospitable island in order to investigate the disappearance of a patient.,8.2,1509427,"Drama, Mystery, Thriller",PT2H18M
All About Eve,A seemingly timid but secretly ruthless ingénue insinuates herself into the lives of an aging Broadway star and her circle of theater friends.,8.2,141989,Drama,PT2H18M
There Will Be Blood,"A story of family, religion, hatred, oil and madness, focusing on a turn-of-the-century prospector in the early days of the business.",8.2,657076,Drama,PT2H38M
Jurassic Park,"An industrialist invites some experts to visit his theme park of cloned dinosaurs. After a power failure, the creatures run loose, putting everyone&apos;s lives, including his grandchildren&apos;s, in danger.",8.2,1096349,"Action, Adventure, Sci-Fi",PT2H7M
Casino,"In Las Vegas, two best friends--a casino executive and a Mafia enforcer--compete for a gambling empire and a fast-living, fast-loving socialite.",8.2,579507,"Crime, Drama",PT2H58M
Top Gun: Maverick,"The story involves Maverick confronting his past while training a group of younger Top Gun graduates, including the son of his deceased best friend, for a dangerous mission.",8.2,744348,"Action, Drama",PT2H10M
The Sixth Sense,A child psychologist starts treating a young boy with a disturbing secret.,8.2,1079878,"Drama, Mystery, Thriller",PT1H47M
Ran,"In Medieval Japan, an elderly warlord retires, handing over his empire to his three sons. However, he vastly underestimates how the new-found power will corrupt them and cause them to turn on each other...and him.",8.2,140135,"Action, Drama, War",PT2H40M
El laberinto del fauno,"In 1944 Spain, a girl is sent to live with her ruthless stepfather. During the night, she meets a fairy who takes her to an old faun. He tells her she&apos;s a princess, but must prove her royalty by surviving three gruesome tasks.",8.2,715457,"Drama, Fantasy, War",PT1H58M
No Country for Old Men,Violence and mayhem ensue after a hunter stumbles upon the aftermath of a drug deal gone wrong and over two million dollars in cash near the Rio Grande.,8.2,1094491,"Crime, Drama, Thriller",PT2H2M
Unforgiven,Retired Old West gunslinger Will Munny reluctantly takes on one last job to avenge an injustice with the help of his old partner and a newer outlaw known simply as The Schofield Kid.,8.2,445700,"Drama, Western",PT2H10M
The Thing,A research team in Antarctica is hunted by a shape-shifting alien that assumes the appearance of its victims.,8.2,485619,"Horror, Mystery, Sci-Fi",PT1H49M
A Beautiful Mind,"A mathematical genius, John Nash made an astonishing discovery early in his career and stood on the brink of international acclaim. But the handsome and arrogant Nash soon found himself on a harrowing journey of self-discovery.",8.2,1007201,"Biography, Drama, Mystery",PT2H15M
Kill Bill: Vol. 1,"After waking from a four-year coma, a former assassin wreaks vengeance on the team of assassins who betrayed her.",8.2,1226230,"Action, Crime, Thriller",PT1H51M
The Treasure of the Sierra Madre,Two down-on-their-luck Americans searching for work in 1920s Mexico convince an old prospector to help them mine for gold in the Sierra Madre Mountains.,8.2,135153,"Adventure, Drama, Western",PT2H6M
Yôjinbô,A crafty ronin comes to a town divided by two criminal gangs and decides to play them against each other to free the town.,8.2,134921,"Action, Drama, Thriller",PT1H50M
The Wild Robot,"After a shipwreck, an intelligent robot called Roz is stranded on an uninhabited island. To survive the harsh environment, Roz bonds with the island&apos;s animals and cares for an orphaned baby goose.",8.3,94199,"Animation, Sci-Fi",PT1H42M
Prisoners,"Keller Dover is facing every parent&apos;s worst nightmare. His six-year-old daughter, Anna, is missing, together with her friend, Joy, and as minutes turn to hours, panic sets in. The only lead is an RV that had been parked on their s...",8.2,844040,"Crime, Drama, Mystery",PT2H33M
Finding Nemo,"After his son is captured in the Great Barrier Reef and taken to Sydney, a timid clownfish sets out on a journey to bring him home.",8.2,1139522,"Animation, Adventure, Comedy",PT1H40M
The Great Escape,Allied prisoners of war plan for several hundred of their men to escape from a German camp during World War II.,8.2,264227,"Adventure, Drama, Thriller",PT2H52M
Monty Python and the Holy Grail,"King Arthur and his Knights of the Round Table embark on a surreal, low-budget search for the Holy Grail, encountering many, very silly obstacles.",8.2,580307,"Adventure, Comedy, Fantasy",PT1H31M
Hauru no ugoku shiro,"When an unconfident young woman is cursed with an old body by a spiteful witch, her only chance of breaking the spell lies with a self-indulgent yet insecure young wizard and his companions in his legged, walking castle.",8.2,468924,"Animation, Adventure, Family",PT1H59M
The Elephant Man,"A Victorian surgeon rescues a heavily disfigured man who is mistreated while scraping a living as a side-show freak. Behind his monstrous façade, there is revealed a person of kindness, intelligence and sophistication.",8.2,264983,"Biography, Drama",PT2H4M
Rashômon,"The rape of a bride and the murder of her samurai husband are recalled from the perspectives of a bandit, the bride, the samurai&apos;s ghost and a woodcutter.",8.2,185742,"Crime, Drama, Mystery",PT1H28M
Dial M for Murder,A former tennis star arranges the murder of his adulterous wife.,8.2,194038,"Crime, Thriller",PT1H45M
Gone with the Wind,A sheltered and manipulative Southern belle and a roguish profiteer face off in a turbulent romance as the society around them crumbles with the end of slavery and is rebuilt during the Civil War and Reconstruction periods.,8.2,340853,"Drama, Romance, War",PT3H58M
Chinatown,"A private detective hired to expose an adulterer in 1930s Los Angeles finds himself caught up in a web of deceit, corruption, and murder.",8.1,358783,"Drama, Mystery, Thriller",PT2H10M
El secreto de sus ojos,A retired legal counselor writes a novel hoping to find closure for one of his past unresolved homicide cases and for his unreciprocated love with his superior - both of which still haunt him decades later.,8.2,228199,"Drama, Mystery, Romance",PT2H9M
"Lock, Stock and Two Smoking Barrels","When four small-time criminals lose a rigged poker game against a London kingpin, he gives them one week to settle their enormous debt.",8.1,627122,"Comedy, Crime",PT1H47M
Inside Out,"After young Riley is uprooted from her Midwest life and moved to San Francisco, her emotions - Joy, Fear, Anger, Disgust and Sadness - conflict on how best to navigate a new city, house, and school.",8.1,843445,"Animation, Adventure, Comedy",PT1H35M
V for Vendetta,"In a future British dystopian society, a shadowy freedom fighter, known only by the alias of &quot;V&quot;, plots to overthrow the tyrannical government - with the help of a young woman.",8.1,1200090,"Action, Drama, Sci-Fi",PT2H12M
"Three Billboards Outside Ebbing, Missouri",A mother personally challenges the local authorities to solve her daughter&apos;s murder when they fail to catch the culprit.,8.1,569884,"Comedy, Crime, Drama",PT1H55M
Klaus,"A simple act of kindness always sparks another, even in a frozen, faraway place. When Smeerensburg&apos;s new postman, Jesper, befriends toymaker Klaus, their gifts melt an age-old feud and deliver a sleigh full of holiday traditions.",8.2,199966,"Animation, Adventure, Comedy",PT1H36M
Raging Bull,"The life of boxer Jake LaMotta, whose violence and temper that led him to the top in the ring destroyed his life outside of it.",8.1,389040,"Biography, Drama, Sport",PT2H9M
Kimetsu no Yaiba: Tsuzumi Yashiki-hen,Tanjiro ventures to the south-southeast where he encounters a cowardly young man named Zenitsu Agatsuma. He is a fellow survivor from Final Selection and his sparrow asks Tanjiro to help keep him in line.,8.8,26957,"Animation, Action, Fantasy",PT1H27M
Trainspotting,"Renton, deeply immersed in the Edinburgh drug scene, tries to clean up and get out despite the allure of drugs and the influence of friends.",8.1,739673,Drama,PT1H33M
The Bridge on the River Kwai,"British POWs are forced to build a railway bridge across the river Kwai for their Japanese captors in occupied Burma, not knowing that the allied forces are planning a daring commando raid through the jungle to destroy it.",8.1,238210,"Adventure, Drama, War",PT2H41M
Catch Me If You Can,"Barely 17 yet, Frank is a skilled forger who has passed as a doctor, lawyer and pilot. FBI agent Carl becomes obsessed with tracking down the con man, who only revels in the pursuit.",8.1,1134286,"Biography, Crime, Drama",PT2H21M
Fargo,Minnesota car salesman Jerry Lundegaard&apos;s inept crime falls apart due to his and his henchmen&apos;s bungling and the persistent police work of the quite pregnant Marge Gunderson.,8.1,741461,"Crime, Drama, Thriller",PT1H38M
Warrior,"The youngest son of an alcoholic former boxer returns home, where he&apos;s trained by his father for competition in a mixed martial arts tournament - a path that puts the fighter on a collision course with his estranged, older brother.",8.1,507131,"Action, Drama, Sport",PT2H20M
Spider-Man: No Way Home,"With Spider-Man&apos;s identity now revealed, Peter asks Doctor Strange for help. When a spell goes wrong, dangerous foes from other worlds start to appear.",8.2,919782,"Action, Adventure, Fantasy",PT2H28M
Gran Torino,"After a Hmong teenager tries to steal his prized 1972 Gran Torino, a disgruntled, prejudiced Korean War veteran seeks to redeem both the boy and himself.",8.1,828299,Drama,PT1H56M
Harry Potter and the Deathly Hallows - Part 2,"As the battle between the forces of good and evil in the wizarding world escalates, Harry Potter draws ever closer to his final confrontation with Voldemort.",8.1,975011,"Adventure, Family, Fantasy",PT2H10M
Million Dollar Baby,"Frankie, an ill-tempered old coach, reluctantly agrees to train aspiring boxer Maggie. Impressed with her determination and talent, he helps her become the best and the two soon form a close bond.",8.1,735065,"Drama, Sport",PT2H12M
Tonari no Totoro,"When two girls move to the country to be near their ailing mother, they have adventures with the wondrous forest spirits who live nearby.",8.1,395681,"Animation, Comedy, Family",PT1H26M
Mad Max: Fury Road,"In a post-apocalyptic wasteland, a woman rebels against a tyrannical ruler in search for her homeland with the aid of a group of female prisoners, a psychotic worshipper and a drifter named Max.",8.1,1141518,"Action, Adventure, Sci-Fi",PT2H
Ben-Hur,"A Jewish prince is betrayed and sent into slavery by a Roman friend in 1st-century Jerusalem, but it&apos;s not long before he regains his freedom and comes back for revenge.",8.1,258665,"Adventure, Drama",PT3H32M
Bacheha-ye aseman,"After a boy loses his sister&apos;s pair of shoes, he goes on a series of adventures in order to find them. When he can&apos;t, he tries a new way to &quot;win&quot; a new pair.",8.2,83385,"Drama, Family, Sport",PT1H29M
Barry Lyndon,An Irish rogue wins the heart of a rich widow and assumes her dead husband&apos;s aristocratic position in 18th-century England.,8.1,188639,"Adventure, Drama, War",PT3H5M
12 Years a Slave,"In the antebellum United States, Solomon Northup, a free black man from upstate New York, is abducted and sold into slavery.",8.1,754278,"Biography, Drama, History",PT2H14M
Blade Runner,A blade runner must pursue and terminate four replicants who stole a ship in space and have returned to Earth to find their creator.,8.1,840671,"Action, Drama, Sci-Fi",PT1H57M
Before Sunrise,"A young man and woman meet on a train in Europe, and wind up spending one evening together in Vienna. Unfortunately, both know that this will probably be their only night together.",8.1,350365,"Drama, Romance",PT1H41M
The Grand Budapest Hotel,"A writer encounters the owner of an aging high-class hotel, who tells him of his early years serving as a lobby boy in the hotel&apos;s glorious years under an exceptional concierge.",8.1,908771,"Adventure, Comedy, Crime",PT1H39M
Hacksaw Ridge,"World War II American Army Medic Desmond T. Doss, serving during the Battle of Okinawa, refuses to kill people and becomes the first man in American history to receive the Medal of Honor without firing a shot.",8.1,618905,"Biography, Drama, History",PT2H19M
Dead Poets Society,"Maverick teacher John Keating returns in 1959 to the prestigious New England boys&apos; boarding school where he was once a star student, using poetry to embolden his pupils to new heights of self-expression.",8.1,571821,"Comedy, Drama",PT2H8M
Gone Girl,The husband of a missing woman becomes the chief suspect in her disappearance.,8.1,1098034,"Drama, Mystery, Thriller",PT2H29M
Salinui chueok,"In a small Korean province in 1986, two detectives struggle with the case of multiple young women being found raped and murdered by an unknown culprit.",8.1,229212,"Crime, Drama, Mystery",PT2H11M
In the Name of the Father,"An Irish man&apos;s coerced confession to an I.R.A. bombing he did not commit results in the imprisonment of his father as well. Meanwhile, a British lawyer fights to clear their names and free them.",8.1,192262,"Biography, Crime, Drama",PT2H13M
Maharaja,"A barber seeks vengeance after his home is burglarized, cryptically telling police his &quot;lakshmi&quot; has been taken, leaving them uncertain if it&apos;s a person or object. His quest to recover the elusive &quot;lakshmi&quot; unfolds.",8.5,55797,"Action, Crime, Drama",PT2H21M
The Gold Rush,"A prospector goes to the Klondike during the 1890s gold rush in hopes of making his fortune, and is smitten with a girl he sees in a dance hall.",8.1,121240,"Adventure, Comedy, Drama",PT1H35M
"Monsters, Inc.","In order to power the city, monsters have to scare children so that they scream. However, the children are toxic to the monsters, and after a child gets through, two monsters realize things may not be what they think.",8.1,1007431,"Animation, Adventure, Comedy",PT1H32M
Relatos salvajes,Six short stories that explore the extremities of human behavior involving people in distress.,8.1,223099,"Comedy, Drama, Thriller",PT2H2M
Ratatouille,A rat who can cook makes an unusual alliance with a young kitchen worker at a famous Paris restaurant.,8.1,859826,"Animation, Adventure, Comedy",PT1H51M
How to Train Your Dragon,"A hapless young Viking who aspires to hunt dragons becomes the unlikely friend of a young dragon himself, and learns there may be more to the creatures than he assumed.",8.1,824188,"Animation, Action, Adventure",PT1H38M
The Deer Hunter,An in-depth examination of the ways in which the Vietnam War impacts and disrupts the lives of several friends in a small steel mill town in Pennsylvania.,8.1,369725,"Drama, War",PT3H3M
Jaws,"When a massive killer shark unleashes chaos on a beach community off Long Island, it&apos;s up to a local sheriff, a marine biologist, and an old seafarer to hunt the beast down.",8.1,680995,"Adventure, Drama, Thriller",PT2H4M
Sherlock Jr.,"A film projectionist longs to be a detective, and puts his meagre skills to work when he is framed by a rival for stealing his girlfriend&apos;s father&apos;s pocketwatch.",8.2,59508,"Action, Comedy, Romance",PT45M
The General,"After being rejected by the Confederate military, not realizing it was due to his crucial civilian role, an engineer must single-handedly recapture his beloved locomotive after it is seized by Union spies and return it through ene...",8.1,100543,"Action, Adventure, Comedy",PT1H18M
Mary and Max.,"In 1976 Melbourne, a lonely 8-year-old girl strikes up a correspondence with an unlikely pen pal: a severely obese 44-year-old New Yorker with Asperger&apos;s syndrome.",8.1,192078,"Animation, Comedy, Drama",PT1H32M
On the Waterfront,"An ex-prize fighter turned New Jersey longshoreman struggles to stand up to his corrupt union bosses, including his older brother, as he starts to connect with the grieving sister of one of the syndicate&apos;s victims.",8.1,169024,"Crime, Drama, Thriller",PT1H48M
Le salaire de la peur,"In a decrepit South American village, four men are hired to transport an urgent nitroglycerine shipment without the equipment that would make it safe.",8.1,68501,"Adventure, Drama, Thriller",PT2H36M
Ford v Ferrari,American car designer Carroll Shelby and driver Ken Miles battle corporate interference and the laws of physics to build a revolutionary race car for Ford in order to defeat Ferrari at the 24 Hours of Le Mans in 1966.,8.1,503793,"Action, Biography, Drama",PT2H32M
Mr. Smith Goes to Washington,"A naive youth leader is appointed to fill a vacancy in the U.S. Senate. His idealistic plans promptly collide with corruption at home and subterfuge from his hero in Washington, but he tries to forge ahead despite attacks on his c...",8.1,123787,"Comedy, Drama",PT2H9M
Smultronstället,"After living a life marked by coldness, an aging professor is forced to confront the emptiness of his existence.",8.1,117851,"Drama, Romance",PT1H32M
The Third Man,"Pulp novelist Holly Martins travels to shadowy, postwar Vienna, only to find himself investigating the mysterious death of an old friend, Harry Lime.",8.1,186581,"Film-Noir, Mystery, Thriller",PT1H44M
Logan,"In a future where mutants are nearly extinct, an elderly and weary Logan leads a quiet life. But when Laura, a mutant child pursued by scientists, comes to him for help, he must get her to safety.",8.1,870629,"Action, Drama, Sci-Fi",PT2H17M
Rocky,A small-time Philadelphia boxer gets a supremely rare chance to fight the world heavyweight champion in a bout in which he strives to go the distance for his self-respect.,8.1,646834,"Drama, Sport",PT2H
Tôkyô monogatari,"An old couple visit their children and grandchildren in the city, but receive little attention.",8.1,71286,Drama,PT2H17M
The Big Lebowski,"Jeff &quot;The Dude&quot; Lebowski, mistaken for a millionaire of the same name, seeks restitution for his ruined rug and enlists his bowling buddies to help get it.",8.1,877452,"Comedy, Crime",PT1H57M
Det sjunde inseglet,"A knight returning to Sweden after the Crusades seeks answers about life, death, and the existence of God as he plays chess against the Grim Reaper during the Black Plague.",8.1,203734,"Drama, Fantasy",PT1H36M
Spotlight,"The true story of how the Boston Globe uncovered the massive scandal of child molestation and cover-up within the local Catholic Archdiocese, shaking the entire Catholic Church to its core.",8.1,511209,"Biography, Crime, Drama",PT2H9M
Room,"A little boy is held captive in a room with his mother since his birth, so he has never known the world outside.",8.1,461038,"Drama, Thriller",PT1H58M
The Terminator,A cyborg assassin from the future attempts to find and kill a young woman who is destined to give birth to a warrior that will lead a resistance to save humankind from extinction.,8.1,948027,"Action, Adventure, Sci-Fi",PT1H47M
Hotel Rwanda,"Paul Rusesabagina, a hotel manager, houses over a thousand Tutsi refugees during their struggle against the Hutu militia in Rwanda, Africa.",8.1,378831,"Biography, Drama, History",PT2H1M
Platoon,"Chris Taylor, a neophyte recruit in Vietnam, finds himself caught in a battle of wills between two sergeants, one good and the other evil. A shrewd examination of the brutality of war and the duality of man in conflict.",8.1,448401,"Drama, War",PT2H
Pirates of the Caribbean: The Curse of the Black Pearl,"Blacksmith Will Turner teams up with eccentric pirate &quot;Captain&quot; Jack Sparrow to save Elizabeth Swann, the governor&apos;s daughter and his love, from Jack&apos;s former pirate allies, who are now undead.",8.1,1241773,"Action, Adventure, Fantasy",PT2H23M
La haine,24 hours in the lives of three young men in the French suburbs the day after a violent riot.,8.1,204959,"Crime, Drama",PT1H38M
Before Sunset,"Nine years after Jesse and Celine first met, they encounter each other again on the French leg of Jesse&apos;s book tour.",8.1,295941,"Drama, Romance",PT1H20M
Jai Bhim,"When a tribal man is arrested for a case of alleged theft, his wife turns to a human-rights lawyer to help bring justice.",8.7,222164,"Crime, Drama",PT2H44M
The Best Years of Our Lives,"Three World War II veterans, two of them traumatized or disabled, return home to the American midwest to discover that they and their families have been irreparably changed.",8.1,72568,"Drama, Romance, War",PT2H50M
La passion de Jeanne d&apos;Arc,"In 1431, Jeanne d&apos;Arc is placed on trial on charges of heresy. The ecclesiastical jurists attempt to force Jeanne to recant her claims of holy visions.",8.1,62821,"Biography, Drama, History",PT1H50M
The Exorcist,"When a mysterious entity possesses a young girl, her mother seeks the help of two Catholic priests to save her life.",8.1,469015,Horror,PT2H2M
The Wizard of Oz,"Young Dorothy Gale and her dog Toto are swept away by a tornado from their Kansas farm to the magical Land of Oz and embark on a quest with three new friends to see the Wizard, who can return her to her home and fulfill the others...",8.1,440550,"Adventure, Family, Fantasy",PT1H42M
The Incredibles,"While trying to lead a quiet suburban life, a family of undercover superheroes are forced into action to save the world.",8.0,835294,"Animation, Action, Adventure",PT1H55M
Rush,"James Hunt and Niki Lauda, two extremely skilled Formula One racers, have an intense rivalry with each other. However, it is their enmity that pushes them to their limits.",8.1,525188,"Biography, Drama, Sport",PT2H3M
Network,"A television network cynically exploits a deranged former anchor&apos;s ravings and revelations about mass media for its own profit, but finds that his message may be difficult to control.",8.1,174809,Drama,PT2H1M
Stand by Me,A writer recounts a childhood journey with his friends to find the body of a missing boy.,8.1,454402,"Adventure, Comedy, Drama",PT1H29M
Hachi: A Dog&apos;s Tale,"Professor Wilson discovers a lost Akita puppy on his way home. Despite objections from his wife, Hachi endears himself to the family and grows to be Parker&apos;s loyal companion. As their bond grows deeper, a beautiful relationship un...",8.1,320686,"Biography, Drama, Family",PT1H33M
The Sound of Music,A young novice is sent by her convent in 1930s Austria to become a governess to the seven children of a widowed naval officer.,8.1,268694,"Biography, Drama, Family",PT2H52M
Un condamné à mort s&apos;est échappé ou Le vent souffle où il veut,A captured French Resistance fighter during World War II engineers a daunting escape from a German prison in France.,8.2,26673,"Drama, Thriller, War",PT1H41M
Babam ve Oglum,The family of a left-wing journalist is torn apart after the military coup of Turkey in 1980.,8.2,95143,"Drama, Family",PT1H52M
Ah-ga-ssi,"In 1930s Korea, a girl is hired as a handmaiden to a Japanese heiress who lives a secluded life on a countryside estate. But the maid has a secret: She is a pickpocket recruited by a swindler to help seduce the Lady and steal her ...",8.1,181304,"Drama, Romance, Thriller",PT2H25M
To Be or Not to Be,"During the German occupation of Poland, an acting troupe becomes embroiled in a Polish soldier&apos;s efforts to track down a German spy.",8.1,44981,"Comedy, Romance, War",PT1H39M
Into the Wild,"After graduating from Emory University, top student and athlete Christopher McCandless abandons his possessions, gives his entire $24,000 savings account to charity and hitchhikes to Alaska to live in the wilderness.",8.1,669720,"Adventure, Biography, Drama",PT2H28M
The Iron Giant,A young boy befriends a giant robot from outer space that a paranoid government agent wants to destroy.,8.1,237214,"Animation, Action, Adventure",PT1H26M
La battaglia di Algeri,"In the 1950s, fear and violence escalate as the people of Algiers fight for independence from the French government.",8.1,67954,"Drama, War",PT2H1M
The Grapes of Wrath,"An Oklahoma family, driven off their farm by the poverty and hopelessness of the Dust Bowl, joins the westward migration to California, suffering the misfortunes of the homeless in the Great Depression.",8.1,102192,Drama,PT2H9M
Groundhog Day,"A narcissistic, self-centered weatherman finds himself in a time loop on Groundhog Day.",8.0,701700,"Comedy, Drama, Fantasy",PT1H41M
Amores perros,"An amateur dog fighter, a supermodel, and a derelict assassin, all separately struggling to find love, find their lives transformed by a devastating car wreck in Mexico City.",8.0,257266,"Drama, Thriller",PT2H34M
Rebecca,A self-conscious woman juggles adjusting to her new role as an aristocrat&apos;s wife and avoiding being intimidated by his first wife&apos;s spectral presence.,8.1,150125,"Drama, Mystery, Romance",PT2H10M
The Help,"An aspiring author during the civil rights movement of the 1960s decides to write a book detailing the African American maids&apos; point of view on the white families for which they work, and the hardships they go through on a daily b...",8.1,504111,Drama,PT2H26M
Koe no katachi,"A deaf girl, Shoko, is bullied by the popular Shoya. As Shoya continues to bully Shoko, the class turns its back on him. Shoko transfers and Shoya grows up as an outcast. Alone and depressed, the regretful Shoya finds Shoko to mak...",8.1,110506,"Animation, Drama",PT2H10M
Cool Hand Luke,"A laid-back Southern man is sentenced to two years in a rural prison, but refuses to conform.",8.0,192255,"Crime, Drama",PT2H7M
